<?xml version="1.0" encoding="UTF-8" standalone="yes"?>
<addon id="plugin.video.cristalazul" name="[COLOR red]Kodi-Kalochos REPO[/COLOR]" version="0.0.7" provider-name="samuct">
    <requires>
    <import addon="xbmc.python" version="2.1.0"/>
    <import addon="script.module.beautifulsoup" version="3.2.1"/>
    <import addon="script.module.simple.downloader" version="0.9.4"/>
    <import addon="script.module.beautifulsoup4" />
    <import addon="script.module.requests" />
    <import addon="script.module.httplib2" />
    <import addon="script.module.liveresolver" version="0.1.24" optional="true"/>
    <import addon="script.module.youtube.dl" optional="true"/>
    <import addon="plugin.video.youtube" />
    <import addon="script.module.urlresolver" />
	<import addon="script.module.resolveurl" />
    <import addon="script.module.inputstreamhelper" optional="true"/>  
    <import addon="script.module.livestreamer" optional="true"/>
    <import addon="script.module.slproxy" optional="true"/>
	<import addon="script.module.simplejson" />
    <import addon="script.module.livestreamer" optional="true"/>
    <import addon="script.module.pyamf" optional="true"/>
  </requires>
  <extension point="xbmc.python.pluginsource" library="default.py">
    <provides>video</provides>
  </extension>
  <extension point="xbmc.addon.repository" name="Kodi-Kalochos">
        <dir>
            <info compressed="false">https://raw.githubusercontent.com/samuct/Kodi-Kalochos/master/zips/addons.xml</info>
            <checksum>https://raw.githubusercontent.com/samuct/Kodi-Kalochos/master/zips/addons.xml.md5</checksum>
            <datadir zip="true">https://raw.githubusercontent.com/samuct/Kodi-Kalochos/master/zips/</datadir>
        </dir>
    </extension>
    <extension point="xbmc.addon.metadata">
        <summary>[COLOR red]Kodi-Kalochos REPO[/COLOR]</summary>
        <description>Repositorio Oficial de Kodi Kalochos - Este es un repositorio privado, no colgamos nada para su distribución, por lo que todo lo que aquí subimos es puramente didáctico y no nos hacemos responsables de su mal uso o su distribución.</description>
        <disclaimer></disclaimer>
        <platform>all</platform>
        <assets>
            <icon>icon.png</icon>
            <fanart>fanart.jpg</fanart>
        </assets>
		</source>https://www.github.com/samuct/Kodi-Kalochos/</source>
    </extension>
</addon>